Mã CK;Sàn;Tên cong ty
A32;UPCoM;CTCP 32
AAH;UPCoM;CTCP Hop nhat
AAS;UPCoM;CTCP Ch?ng khoán SmartInvest
AAV;HNX;Công ty c? ph?n AAV Group
ABB;UPCoM;NHTMCP An Binh
ABC;UPCoM;CP CTCP Truyen thong VMG
ABI;UPCoM;C? phi?u CTCP B?o hi?m Ngân hàng Nông nghi?p
ABW;UPCoM;CTCP Chung khoan An Binh
ACE;UPCoM;C? phi?u CTCP Bê tông Ly tâm An Giang
ACM;UPCoM;CTCP Tap doan Khoang san A Cuong
ACS;UPCoM;CTCP Xay lap Thuong mai 2
ACV;UPCoM;Tong cong ty Cang hang khong Viet Nam
ADC;HNX;C? phi?u Công ty C? ph?n M? thu?t và Truy?n thông
AFX;UPCoM;CTCP Xuat nhap khau Nong san thuc pham An Giang
AG1;UPCoM;CTCP 28.1
AGF;UPCoM;CTCP Xuat nhap khau Thuy san An Giang
AGM;UPCoM;C? phi?u Công ty c? ph?n Xu?t nh?p kh?u An Giang
AGP;UPCoM;CTCP Duoc Agimexpham
AGX;UPCoM;CTCP Th?c ph?m Nông s?n Xu?t kh?u Sài Gòn
AIC;UPCoM;Công ty c? ph?n T?p ?oàn B?o hi?m DBV
AIG;UPCoM;CTCP Nguyen lieu A Chau AIG
ALT;HNX;C? phi?u CTCP V?n hóa Tân Bình
ALV;UPCoM;Công ty c? ph?n T?p ?oàn MCST
AMC;HNX;C? phi?u Công ty c? ph?n Khoáng s?n Á Châu
AMD;UPCoM;Công ty c? ph?n ??u t? và Khoáng s?n FLC STONE
AME;HNX;Công ty c? ph?n Alphanam E&C
AMP;UPCoM;CTCP Armephaco
AMS;UPCoM;CTCP Co khi Xay dung AMECC
AMV;HNX;C? phi?u CTCP SXKD D??c và trang thi?t b? Vi?t M?
ANT;UPCoM;CTCP Rau qua thuc pham An Giang
APC;UPCoM;CTCP chieu xa An Phu
APF;UPCoM;CTCP Nong san Thuc pham Quang Ngai
API;HNX;C? phi?u CTCP ??u t?  Châu á - Thái Bình D??ng
APL;UPCoM;CTCP Co khi va Thiet bi ap luc VVMI
APP;UPCoM;APP - CTCP Phát tri?n Ph? gia và S?n ph?m D?u m?
APS;HNX;C? phi?u CTCP Ch?ng khoán Châu á - Thái Bình D??ng
APT;UPCoM;CTCP Kinh doanh Th?y h?i s?n Sài Gòn
ARM;HNX;ARM - CTCP Xu?t nh?p kh?u Hàng không
ART;UPCoM;Công ty c? ph?n Ch?ng khoán BOS
ASA;UPCoM;Công ty c? ph?n ASA
ATA;UPCoM;CTCP NTACO
ATB;UPCoM;CTCP An Thinh
ATG;UPCoM;Công ty c? ph?n An Tr??ng An
ATS;HNX;Công ty C? ph?n T?p ?oàn ??u t? ATS
AVC;UPCoM;CTCP Thuy dien A Vuong
AVF;UPCoM;AVF - CTCP Viet An
AVG;UPCoM;Công ty c? ph?n Phân bón Qu?c t? Âu Vi?t
BAB;HNX;Ngân hàng Th??ng m?i C? ph?n B?c Á
BAL;UPCoM;CTCP Bao bi Bia - Ruou - Nuoc giai khat
BAX;HNX;CTCP Thong Nhat
BBH;UPCoM;CTCP Bao bì Hoàng Th?ch
BBM;UPCoM;CTCP Bia Ha noi - Nam dinh
BBS;HNX;Công ty c? ph?n Vicem Bao bì Bút S?n
BBT;UPCoM;CTCP Bông B?ch Tuy?t
BCA;UPCoM;CTCP B.C.H
BCB;UPCoM;CTCP 397
BCC;HNX;C? phi?u CTCP Xi m?ng B?m S?n
BCF;HNX;CTCP Thuc Pham Bich Chi
BCP;UPCoM;Công ty c? ph?n D??c Enlie
BCR;UPCoM;CTCP BCG Land
BCV;UPCoM;CTCP Du l?ch và Th??ng m?i B?ng Giang Cao B?ng - Vimico
BDB;HNX;C? phi?u CTCP Sách và Thi?t b? Bình ??nh
BDG;UPCoM;CTCP May mac Binh Duong
BDT;UPCoM;Công ty c? ph?n Xây l?p và V?t li?u Xây d?ng ??ng Tháp
BDW;UPCoM;CTCP Cap thoat nuoc Binh Dinh
BED;HNX;C? phi?u CTCP Sách và Thi?t b? tr??ng h?c ?à N?ng
BEL;UPCoM;CTCP Dien tu Bien Hoa
BGE;UPCoM;Công ty c? ph?n BCG Energy
BGW;UPCoM;BGW - CTCP N??c s?ch B?c Giang
BHA;UPCoM;CTCP Th?y ?i?n B?c Hà
BHC;UPCoM;C? phi?u Công ty C? ph?n Bê tông Biên Hòa
BHG;UPCoM;Công ty c? ph?n Chè Bi?n H?
BHH;UPCoM;C? phi?u Công ty c? ph?n Th??ng m?i Bia Hà N?i - H?ng Yên 89
BHI;UPCoM;T?ng Công ty c? ph?n B?o hi?m Sài Gòn - Hà N?i
BHK;UPCoM;CTCP Bia Ha Noi - Kim Bai
BHP;UPCoM;C? phi?u CTCP Bia Hà N?i - H?i Phòng
BIG;UPCoM;Công ty c? ph?n ??u t? Big Group Holdings
BII;UPCoM;CTCP ??u t? và Phát tri?n Công nghi?p B?o Th?
BIO;UPCoM;CTCP Vac Xin va Sinh pham Nha Trang
BKC;HNX;C? phi?u CTCP Khoáng s?n B?c K?n
BLF;UPCoM;C? phi?u CTCP Thu? s?n B?c Liêu
BLI;UPCoM;CTCP Bao hiem Bao Long
BLN;UPCoM;CTCP Van tai va Dich vu Lien Ninh
BLT;UPCoM;CTCP L??ng th?c Bình ??nh
BMD;UPCoM;CTCP Moi truong va Dich vu do thi Binh Thuan
BMF;UPCoM;CTCP Vat lieu Xay dung va Chat dot Dong Nai
BMG;UPCoM;CTCP May Bình Minh
BMJ;UPCoM;Công ty c? ph?n Khoáng s?n mi?n ?ông AHP
BMK;UPCoM;Công ty c? ph?n K? thu?t nhi?t Mèo ?en
BMN;UPCoM;CTCP 715
BMS;UPCoM;CTCP Chung khoan Bao Minh
BMV;UPCoM;CTCP Bot my Vinafood 1
BNA;HNX;Công ty c? ph?n T?p ?oàn ??u t? B?o Ng?c
BNW;UPCoM;CTCP nuoc sach Bac Ninh
BOT;UPCoM;CTCP BOT Cau Thai Ha
BPC;HNX;Công ty c? ph?n Vicem Bao bì B?m S?n
BQB;UPCoM;CTCP Bia Ha Noi - Quang Binh
BRR;UPCoM;CTCP Cao su Ba Ria
BRS;UPCoM;CTCP Dich vu Do thi Ba Ria
BSA;UPCoM;CTCP Thuy dien Buon Don
BSC;HNX;BSC - CTCP D?ch v? B?n Thành
BSD;UPCoM;CTCP Bia, Ruou Sai Gon - Dong Xuan
BSG;UPCoM;CTCP Xe khach Sai Gon
BSH;UPCoM;CTCP Bia Sai Gon - Ha noi
BSL;UPCoM;CTCP Bia Sai Gon - Song Lam
BSP;UPCoM;Công ty CP Bia Sài Gòn - Phú Th?
BSQ;UPCoM;BSQ- CTCP Bia Sai Gon-Quang Ngai
BST;HNX;C? phi?u CTCP Sách và Thi?t b? Bình Thu?n
BT1;UPCoM;Công ty CP B?o v? Th?c v?t 1 Trung ??ng
BT6;UPCoM;CTCT BETON 6
BTB;UPCoM;CTCP Bia Ha Noi - Thai Binh
BTD;UPCoM;Công ty c? ph?n Bê tông ly tâm Th? ??c
BTG;UPCoM;C? phi?u CTCP Bao bì Ti?n Giang
BTH;UPCoM;C? phi?u CTCP Ch? t?o Bi?n th?  và  V?t li?u ?i?n Hà n?i
BTN;UPCoM;Công ty c? ph?n ??u t? Bitco Bình ??nh
BTS;HNX;Công ty c? ph?n Xi m?ng Vicem Bút S?n
BTU;UPCoM;CTCP Cong trinh Do thi Ben Tre
BTV;UPCoM;BTV- ctcp dich vu Du lich Ben Thanh
BTW;HNX;C? phi?u CTCP C?p n??c B?n Thành
BVB;UPCoM;Ngan Hang TMCP Ban Viet
BVG;UPCoM;Công ty c? ph?n Group B?c Vi?t
BVL;UPCoM;CTCP BV Land
BVN;UPCoM;BVN - Công ty c? ph?n Bông Vi?t Nam
BVS;HNX;Ch?ng khoán CTCP ch?ng khoán B?o Vi?t
BWA;UPCoM;C? phi?u CTCP C?p thoát n??c và Xây d?ng B?o L?c
BWS;UPCoM;CTCP Cap nuoc Ba Ria - Vung Tau
BXH;HNX;Công ty c? ph?n Vicem Bao bì H?i Phòng
C12;UPCoM;Công ty c? ph?n C?u 12
C21;UPCoM;CTCP The ki 21
C22;UPCoM;CTCP 22
C4G;UPCoM;CTCP T?p ?oàn CIENCO4
C69;HNX;CTCP Xay dung 1369
C92;UPCoM;Công ty c? ph?n Xây d?ng và ??u t? 492
CAD;UPCoM;C? phi?u CTCP ch? bi?n và XNK thu? s?n Cadovimex
CAG;HNX;CTCP C?ng An Giang
CAN;HNX;C? phi?u CTCP ?? h?p H? Long
CAP;HNX;C? phi?u CTCP Lâm nông s?n th?c ph?m Yên Bái
CAR;HNX;CTCP Tap doan Giao duc Tri Viet
CAT;UPCoM;CTCP Thuy san Ca Mau
CBI;UPCoM;CTCP Gang thep Cao Bang
CBS;UPCoM;CTCP Mia duong Cao Bang
CC1;UPCoM;TCT Xay dung so 1
CC4;UPCoM;CTCP Dau tu va Xay dung so 4
CCA;UPCoM;CTCP xu?t nh?p kh?u Th?y s?n C?n th?
CCM;UPCoM;Công ty c? ph?n Khoáng s?n và Xi m?ng C?n Th?
CCP;UPCoM;CTCP Cang Cua Cam Hai Phong
CCR;HNX;CTCP Cang Cam Ranh
CCT;UPCoM;CTCP CANG CAN THO
CCV;UPCoM;CTCP Tu van Xay dung Cong nghiep va Do thi Vietnam
CDG;UPCoM;CDG- CTCP Cau Duong
CDH;UPCoM;CTCP Cong trinh cong cong va Dich vu Du lich Hai phong
CDN;HNX;CTCP Cang Da Nang
CDO;UPCoM;CTCP Tu van thiet ke va Phat trien do thi
CDP;UPCoM;CTCP Duoc pham Trung uong Codupha
CDR;UPCoM;CTCP Xây d?ng Cao su ??ng Nai
CEN;UPCoM;CTCP CENCON Vi?t Nam
CEO;HNX;Công ty c? ph?n T?p ?oàn C.E.O
CET;HNX;Công ty C? ph?n HTC Holding
CFM;UPCoM;CTCP Dau tu CFM
CFV;UPCoM;Công ty c? ph?n Cà phê Th?ng L?i
CGV;UPCoM;Công ty c? ph?n Vinaceglass
CH5;UPCoM;CTCP Xay dung so 5 Ha Noi
CHC;UPCoM;Công ty c? ph?n C?m Hà
CHS;UPCoM;CTCP Chieu sang cong cong TPHCM
CI5;UPCoM;CI5 - Công ty c? ph?n ??u t? Xây d?ng S? 5
CIA;HNX;CTCP Dich vu San bay Quoc te Cam Ranh
CID;UPCoM;C? phi?u CTCP Xây d?ng & Phát tri?n C? s? h? t?ng
CIP;UPCoM;CTCP Xay lap va San xuat Cong nghiep
CJC;HNX;C? phi?u CTCP C? ?i?n Mi?n Trung
CK8;UPCoM;CTCP Co khi 120
CKA;UPCoM;CTCP C? khí An Giang
CKD;UPCoM;Công ty C? ph?n C? khí ?ông Anh Licogi
CKV;HNX;Công ty c? ph?n Cokyvina
CLG;UPCoM;CTCP Dau tu va Phat trien nha dat Cotec
CLH;HNX;CTCP Xi mang La Hien VVMI
CLM;HNX;Công ty C? ph?n Xu?t nh?p kh?u Than - Vinacomin
CLX;UPCoM;Công ty c? ph?n Xu?t nh?p kh?u và ??u t? Ch? L?n
CMC;HNX;C? phi?u CTCP ??u t? CMC
CMD;UPCoM;CTCP Vat lieu Xay dung va Trang tri Noi that TP Hochiminh
CMF;UPCoM;CTCP Thuc pham Cholimex
CMI;UPCoM;Công ty c? ph?n CMISTONE Vi?t Nam
CMK;UPCoM;CTCP Co khi Mao Khe - Vinacomin
CMM;UPCoM;CTCP Camimex
CMN;UPCoM;Công ty c? ph?n L??ng th?c th?c ph?m Colusa- Miliket
CMP;UPCoM;CTCP Cang Chan May
CMS;HNX;Công ty C? ph?n T?p ?oàn CMH Vi?t Nam
CMT;UPCoM;CTCP Công ngh? M?ng và Truy?n thông
CMW;UPCoM;CTCP Cap nuoc Ca Mau
CNA;UPCoM;Công ty c? ph?n T?ng công ty Chè Ngh? An
CNC;UPCoM;CTCP Công ngh? cao Traphaco
CNN;UPCoM;CTCP Tu van cong nghe, thiet bi va kiem dinh xay dung Coninco
CNT;UPCoM;Công ty c? ph?n T?p ?oàn CNT
CPA;UPCoM;CTCP Ca phe Phuoc An
CPC;HNX;C? phi?u CTCP Thu?c sát trùng C?n Th?
CPH;UPCoM;CTCP Phuc Vu Mai tang Hai Phong
CPI;UPCoM;CTCP Dau tu Cang Cai Lan
CQN;UPCoM;CTCP C?ng Qu?ng Ninh
CQT;UPCoM;CTCP Xi m?ng Quán Tri?u VVMI
CSC;HNX;Công ty C? ph?n T?p ?oàn COTANA
CSI;UPCoM;CTCP Ch?ng khoán Ki?n thi?t Vi?t Nam
CST;HNX;CTCP Than Cao S?n - TKV
CT3;UPCoM;C? phi?u CTCP ??u t? và Xây d?ng Công trình 3
CT6;UPCoM;C? phi?u Công ty C? ph?n Công trình 6
CTA;UPCoM;CTA - CTCP Vinavico
CTB;HNX;CTCP Che tao Bom Hai Duong
CTN;UPCoM;C? phi?u CTCP Xây d?ng Công trình ng?m
CTP;HNX;Công ty c? ph?n Hòa Bình Takara
CTT;HNX;Công ty c? ph?n ch? t?o máy - Vinacomin
CTW;UPCoM;CTCP Cap thoat nuoc Can Tho
CTX;UPCoM;C? phi?u T?ng Công ty c? ph?n ??u t? xây d?ng và Th??ng m?i Vi?t Nam
CVN;UPCoM;C? phi?u Công ty c? ph?n Vinam
CX8;HNX;C? phi?u CTCP ??u t? và Xây l?p Constrexim s? 8
CYC;UPCoM;CTCP Gach men Chang Yih
D11;HNX;C? phi?u Công ty C? ph?n ??a ?c 11
DAC;UPCoM;Công ty c? ph?n 382 ?ông Anh
DAD;HNX;C? phi?u CTCP ??u t? và Phát tri?n Giáo d?c ?à N?ng
DAE;HNX;C? phi?u CTCP Sách giáo d?c t?i Tp ?à N?ng
DAG;UPCoM;CTCP T?p ?oàn Nh?a ?ông Á
DAN;UPCoM;CTCP Duoc Danapha
DAS;UPCoM;CTCP Máy - Thi?t b? D?u khí ?à N?ng
DBM;UPCoM;C? phi?u CTCP D??c - V?t t? Y t? ??k L?k
DC1;UPCoM;CTCP ??u t? và Phát tri?n Xây d?ng s? 1
DC2;HNX;C? phi?u CTCP ??u t? phát tri?n- Xây d?ng (DIC) S? 2
DCF;UPCoM;CTCP Xay dung va Thiet ke so 1
DCG;UPCoM;CTCP T?ng công ty May ?áp C?u
DCH;UPCoM;CTCP Dia chinh Ha noi
DCR;UPCoM;CTCP Gach men Cosevco
DCS;UPCoM;Cong ty co phan Tap doan Dai Chau
DCT;UPCoM;CTCP Tam lop Vat lieu Xay dung Dong Nai
DDB;UPCoM;CTCP Th??ng m?i và Xây d?ng ?ông D??ng
DDG;HNX;CTCP ??u t? Công nghi?p XNK ?ông D??ng
DDH;UPCoM;CTCP Dam bao giao thong duong thuy Hai Phong
DDM;UPCoM;C? Phi?u CTCP Hàng H?i ?ông ?ô
DDN;UPCoM;C? phi?u CTCP D??c - Thi?t b? Y t? ?à N?ng
DDV;UPCoM;CTCP DAP - VINACHEM
DFC;UPCoM;CTCP Xich lip Dong Anh
DFF;UPCoM;CTCP T?p ?oàn ?ua Fat
DGT;UPCoM;C? phi?u CTCP Công trình giao thông ??ng Nai
DHB;UPCoM;CTCP Phan dam va Hoa chat Ha Bac
DHD;UPCoM;CTCP Duoc Vat tu Y te Hai Duong
DHN;UPCoM;CTCP Duoc pham Ha Noi
DHP;HNX;C? phi?u Công ty c? ph?n ?i?n c? H?i Phòng
DHT;HNX;C? phi?u CTCP D??c ph?m Hà Tây
DIC;UPCoM;CTCP ??u t? và Th??ng m?i DIC
DID;UPCoM;C? phi?u CTCP DIC - ??ng Ti?n
DIH;HNX;C? phi?u CTCP ??u t? Phát tri?n Xây d?ng H?i An
DKC;UPCoM;CTCP Cho Lang Son
DKG;UPCoM;Công ty c? ph?n T?p ?oàn Damik
DKW;UPCoM;CTCP C?p n??c sinh ho?t Châu Thành
DL1;HNX;Công ty c? ph?n T?p ?oàn Alpha Seven
DLD;UPCoM;C? phi?u CTCP Du L?ch ??k L?k
DLR;UPCoM;C? phi?u CTCP ??a ?c ?à L?t
DLT;UPCoM;CTCP Du lich va Thuong mai - Vinacomin
DM7;UPCoM;CTCP D?t May 7
DMN;UPCoM;CTCP Domenal
DMS;UPCoM;CTCP Hóa Ph?m D?u khí DMC- Mi?n Nam
DNA;UPCoM;CTCP ?i?n n??c An Giang
DNC;HNX;c? phi?u CTCP ?i?n n??c l?p máy H?i Phòng
DND;UPCoM;CTCP Dau tu xay dung va Vat lieu Dong nai
DNE;UPCoM;CTCP Moi truong Do thi Da Nang
DNH;UPCoM;CTCP Thuy dien Da Nhim - Ham Thuan - Da Mi
DNL;UPCoM;C? phi?u Công ty C? ph?n Logistics C?ng ?à N?ng
DNM;UPCoM;DNM - T?ng Công ty C? ph?n Y t? Danameco
DNN;UPCoM;CTCP Cap nuoc Da Nang
DNP;HNX;Công ty C? ph?n DNP Holding
DNT;UPCoM;C? phi?u CTCP Du l?ch ??ng Nai
DNW;UPCoM;CTCP Cap nuoc Dong Nai
DOC;UPCoM;CTCP Vat tu nong nghiep Dong Nai
DOP;UPCoM;Công ty c? ph?n V?n t?i X?ng d?u ??ng Tháp
DP1;UPCoM;CTCP D??c ph?m Trung ??ng CPC1
DP2;UPCoM;Công ty c? ph?n D??c ph?m Trung ??ng 2
DP3;HNX;Công ty C? ph?n D??c ph?m Trung ??ng 3
DPC;UPCoM;C? phi?u Công ty C? ph?n Nh?a ?à N?ng
DPH;UPCoM;CTCP Duoc pham Hai Phong
DPP;UPCoM;C? phi?u CTCP D??c ??ng Nai
DPS;UPCoM;DPS - CTCP Dau tu Phat trien Soc Son
DRG;UPCoM;CTCP Cao su ??k L?k
DRI;UPCoM;CTCP Dau tu Cao su Dak Lak
DS3;HNX;Công ty C? ph?n DS3
DSD;UPCoM;CTCP DHC Suoi Doi
DSG;UPCoM;Công ty c? ph?n Kính ?áp C?u
DSH;UPCoM;Công ty c? ph?n ??u t? H? t?ng ?ông S?n
DSP;UPCoM;CTCP D?ch v? Du l?ch Phú Th?
DST;HNX;CTCP Dau Tu Sao Thang Long
DTB;UPCoM;CTCP cong trinh Do thi Bao Loc
DTC;UPCoM;C? phi?u CTCP Viglacera  ?ông Tri?u
DTD;HNX;CTCP ??u t? Phát tri?n Thành ??t
DTE;UPCoM;CTCP ??u t? N?ng l??ng ??i Tr??ng Thành Holdings
DTG;HNX;DTG- CTCP Duoc pham tipharco
DTH;UPCoM;CTCP Duoc Vat tu Y te Thanh Hoa
DTI;UPCoM;CTCP Dau tu Duc Trung
DTK;HNX;CTCP - Tong cong ty Dien luc TKV
DTP;UPCoM;CTCP D??c ph?m CPC1 Hà N?i
DUS;UPCoM;CTCP D?ch v? ?ô th? ?à L?t
DVC;UPCoM;CTCP Th??ng m?i D?ch v? T?ng h?p C?ng H?i Phòng
DVG;UPCoM;Công ty c? ph?n ??i Vi?t Group DVG
DVM;HNX;CTCP D??c Li?u Vi?t Nam
DVN;UPCoM;Tong CTCP  Duoc Viet Nam
DVT;UPCoM;C? phi?u Công ty c? ph?n ?ào t?o và D?ch v? giao thông v?n t?i Bình ??nh
DVW;UPCoM;CTCP Dich vu va Xay dung Cap nuoc Dong nai
DWC;UPCoM;Công ty c? ph?n C?p n??c ??c L?k
DWS;UPCoM;CTCP Cap nuoc va Moi truong do thi Dong Thap
DXL;UPCoM;C? phi?u CTCP Du l?ch và Xu?t Nh?p kh?u L?ng S?n
DXP;HNX;Công ty C? ph?n C?ng ?o?n Xá
DZM;UPCoM;C? phi?u CTCP C? ?i?n Dz? An
E12;UPCoM;CTCP Xay dung dien Vneco12
E29;UPCoM;CTCP ??u t? xây d?ng và k? thu?t 29
EBS;HNX;C? phi?u CTCP Sách giáo d?c t?i Tp Hà N?i
ECI;HNX;Công ty C? ph?n T?p ?oàn ECI
ECO;UPCoM;Công ty c? ph?n Nh?a sinh thái Vi?t Nam
EFI;UPCoM;C? phi?u CTCP ??u t? Tài chính Giáo d?c
EIC;UPCoM;EIC- CTCP EVN Quoc te
EID;HNX;C? phi?u CTCP ??u t? và Phát tri?n Giáo d?c Hà N?i
EIN;UPCoM;CTCP Dau tu - Thuong mai - Dich vu Dien luc
EME;UPCoM;CTCP Dien Co
EMG;UPCoM;CTCP Thiet bi phu tung co dien
EMS;UPCoM;CTCP Tong cty chuyen phat nhanh Buu Dien
EPC;UPCoM;CT TNHH MTV Ca phe Ea Pok
EPH;UPCoM;CTCP D?ch v? Xu?t b?n Giáo d?c Hà N?i
EVS;HNX;Công ty c? ph?n ch?ng khoán Everest
F88;UPCoM;C? phi?u Công ty c? ph?n ??u t? F88
FBA;UPCoM;C? phi?u Công ty c? ph?n T?p ?oàn Qu?c t? FBA
FBC;UPCoM;CTCP Co khi Pho Yen
FCC;UPCoM;CTCP Lien hop Thuc Pham
FCS;UPCoM;FCS- CTCP Luong thuc thanh pho HCM
FGL;UPCoM;Công ty c? ph?n Cà phê Gia Lai
FHN;UPCoM;CTCP Xuat nhap khau Luong thuc - Thuc pham Hanoi
FHS;UPCoM;CTCP Phat hanh sach thanh pho Ho Chi Minh
FIC;UPCoM;TCT V?t li?u xây d?ng s? 1 - CTCP
FID;HNX;CTCP Dau tu va Phat trien Doanh nghiep Viet Nam
FLC;UPCoM;C? phi?u Công ty C? ph?n T?p ?oàn FLC
FOC;UPCoM;CTCP D?ch v? Tr?c tuy?n FPT
FOX;UPCoM;CTCP vien thong FPT
FRC;UPCoM;CTCP Lâm ??c s?n xu?t kh?u Qu?ng Nam
FRM;UPCoM;CTCP Lam nghiep Sai gon
FSO;UPCoM;CTCP Co khi dong tau thuy san Viet Nam
FT1;UPCoM;CTCP Phu tung may so 1
FTI;UPCoM;CTCP Cong nghiep - Thuong mai Huu Nghi
FTM;UPCoM;CTCP Dau tu va phat trien Duc Quan
G20;UPCoM;Công ty c? ph?n ??u t? D?t may V?nh Phúc
G36;UPCoM;Tong Cong ty 36 - CTCP
GAB;UPCoM;CTCP Dau tu Khai khoang & Quan ly tai san FLC
GCB;UPCoM;CTCP Petec Binh Dinh
GCF;UPCoM;Cong ty co phan Thuc pham G.C
GDA;UPCoM;CTCP Ton Dong A
GDW;HNX;C? phi?u CTCP C?p n??c Gia ??nh
GER;UPCoM;C? phi?u CTCP Th? Thao Ngôi sao Geru
GGG;UPCoM;C? phi?u Công ty c? ph?n Ô tô Gi?i Phóng
GH3;UPCoM;CTCP Công trình Giao thông Hà N?i
GHC;UPCoM;GHC - CTCP Th?y ?i?n Gia Lai
GIC;HNX;Công ty C? ph?n VSC Green Logistics
GKM;HNX;Công ty C? ph?n GKM Holdings
GLC;UPCoM;CTCP Vàng Lào Cai
GLT;HNX;C? phi?u CTCP K? thu?t ?i?n Toàn C?u
GLW;UPCoM;Công ty c? ph?n C?p thoát n??c Gia Lai
GMA;HNX;Công ty C? ph?n G-Automobile
GMC;UPCoM;CTCP Garmex SaiGon
GMX;HNX;C? phi?u Công ty C? ph?n G?ch ngói G?m Xây d?ng M? Xuân
GND;UPCoM;CTCP Gach ngoi Dong nai
GPC;UPCoM;CTCP Tap doan Green+
GSM;UPCoM;CTCP Th?y ?i?n H??ng S?n
GTD;UPCoM;CTCP Giay Thuong Dinh
GTS;UPCoM;CTCP Cong trinh Giao thong SAi Gon
GTT;UPCoM;CTCP Thuan Thao
GVT;UPCoM;CTCP Giay Viet Tri
H11;UPCoM;C? phi?u Công ty C? ph?n Xây d?ng HUD101
HAC;UPCoM;CTCPCK Hai Phong
HAD;HNX;C? phi?u CTCP Bia Hà N?i - H?i D??ng
HAF;UPCoM;CTCP Thuc pham Ha Noi
HAI;UPCoM;CTCP Nong duoc HAI
HAM;UPCoM;CTCP Vat tu Hau Giang
HAN;UPCoM;T?ng công ty Xây d?ng Hà N?i
HAT;HNX;C? phi?u CTCP Th??ng m?i Bia Hà N?i
HAV;UPCoM;CTCP Ruou Hapro
HBC;UPCoM;CTCP Tap doan Xay dung Hoa Binh
HBD;UPCoM;CTCP Bao bì PP Bình D??ng
HBH;UPCoM;CTCP Habeco - H?i Phòng
HBS;HNX;HBS - CTCP Ch?ng khoán Hòa bình
HC1;UPCoM;Công ty c? ph?n Xây d?ng s? 1 Hà N?i
HC3;UPCoM;CTCP Xay dung so 3 Hai Phong
HCB;UPCoM;CTCP Det may 29/3
HCC;HNX;Công ty c? ph?n Bê tông Hòa C?m - ITEMEX
HCI;UPCoM;Công ty c? ph?n ??u t? - Xây d?ng Hà N?i
HCT;HNX;C? phi?u  CTCP Th??ng m?i - D?ch v? - V?n t?i Xi M?ng H?i Phòng.
HD2;UPCoM;CTCP Dau tu Phat trien nha HUD2
HD6;UPCoM;CTCP ??u t? và Phát tri?n Nhà s? 6 Hà N?i
HD8;UPCoM;CTCP ??u t? Phát tri?n Nhà và ?ô th? HUD8
HDA;HNX;HDA - CTCP Hãng s?n ?ông Á
HDM;UPCoM;C? phi?u CTCP D?t - May Hu?
HDO;UPCoM;C? phi?u CTCP H?ng ??o Container
HDP;UPCoM;CTCP Duoc Ha Tinh
HDS;UPCoM;CTCP Giong cay trong Hai Duong
HDW;UPCoM;CTCP Kinh doanh n??c s?ch H?i D??ng
HEC;UPCoM;CTCP Tu van Xay dung Thuy loi II
HEJ;UPCoM;Tong CT Tu van Xay dung Thuy loi Viet Nam
HEP;UPCoM;Công ty c? ph?n Môi tr??ng và Công trình ?ô th? Hu?
HES;UPCoM;CTCP Dich vu giai tri Ha Noi
HEV;HNX;Công Ty c? ph?n sách ??i h?c - d?y ngh?
HFB;UPCoM;CTCP Cong trinh Cau pha TPHCM
HFC;UPCoM;Công ty c? ph?n X?ng d?u HFC
HFX;UPCoM;C? phi?u CTCP S?n xu?t - Xu?t nh?p kh?u Thanh Hà
HGM;HNX;C? phi?u CTCP C? khí và Khoáng s?n Hà Giang
HGT;UPCoM;CTCP Du lich Huong Giang
HHC;HNX;C? phi?u CTCP Bánh k?o H?i Hà
HHG;UPCoM;HHG - Công ty c? ph?n Hoàng Hà
HHN;UPCoM;CTCP Van tai va Dich vu Hang hoa HaNoi
HIG;UPCoM;C? phi?u CTCP T?p ?oàn HIPT
HIO;UPCoM;CTCP Helio Energy
HJC;UPCoM;CTCP Hòa Vi?t
HJS;HNX;C? phi?u CTCP Thu? ?i?n N?m Mu
HKB;UPCoM;HKB - CTCP Nong Nghiep va Thuc Pham Ha noi- Kinh bac
HKT;HNX;Công ty c? ph?n ??u t? QP Xanh
HLA;UPCoM;CTCP H?u Liên Á Châu
HLB;UPCoM;Công ty C? ph?n Bia & N??c gi?i khát H? Long
HLC;HNX;Công ty c? ph?n Than Hà L?m - Vinacomin
HLD;HNX;Công ty c? ph?n ??u t? và Phát tri?n B?t ??ng s?n HUDLAND
HLO;UPCoM;CTCP Cong nghe Ha Lo
HLS;UPCoM;CTCP S? k? thu?t Hoàng Liên S?n
HLT;UPCoM;Công ty c? ph?n D?t may Hoàng Th? Loan
HLY;UPCoM;Công ty c? ph?n g?m xây d?ng Yên H?ng
HMD;UPCoM;CTCP Hóa ch?t Minh ??c
HMG;UPCoM;CTCP Kim khi Ha noi - VNSTEEL
HMH;HNX;HMH - CTCP H?i Minh
HMR;HNX;Công ty c? ph?n ?á Hoàng Mai
HMS;UPCoM;CTCP Xay dung Bao tang Ho Chi Minh
HNB;UPCoM;CTCP Ben xe Ha Noi
HND;UPCoM;Co phieu CTCP Nhiet dien Hai Phong
HNF;UPCoM;CTCP Thuc pham Huu Nghi
HNG;UPCoM;CTCP Nong nghiep Quoc te Hoang Anh Gia Lai
HNI;UPCoM;CTCP May Huu Nghi
HNM;UPCoM;CTCP S?a Hà N?i
HNP;UPCoM;CTCP Hanel Xop nhua
HNR;UPCoM;Công ty C? ph?n R??u và n??c gi?i khát Hà N?i
HOM;HNX;Công ty C? ph?n Xi m?ng Vicem Hoàng Mai
HOT;UPCoM;CTCP Du lich - Dich vu Hoi An
HPB;UPCoM;C? phi?u Công ty c? ph?n Bao Bì PP
HPD;UPCoM;CTCP Th?y ?i?n ??k ?oa
HPH;UPCoM;CTCP Hoa Chat Hung Phat Ha Bac
HPI;UPCoM;CTCP Khu Cong nghiep Hiep Phuoc
HPM;UPCoM;CTCP Xay dung Thuong Mai va Khoang San Hoang Phuc
HPP;UPCoM;C? phi?u CTCP S?n H?i Phòng
HPT;UPCoM;C? phi?u CTCP D?ch v? Công ngh? Tin h?c HPT
HPW;UPCoM;CTCP Cap nuoc Hai Phong
HRB;UPCoM;CTCP Harec Dau tu va thuong mai
HSA;UPCoM;CTCP HESTIA
HSI;UPCoM;CTCP V?t t? T?ng h?p và Phân bón Hóa sinh
HSM;UPCoM;T?ng Công ty C? ph?n D?t May Hà N?i
HSP;UPCoM;CTCP S?n T?ng h?p Hà N?i
HSV;UPCoM;Công ty c? ph?n T?p ?oàn HSV Vi?t Nam
HTC;HNX;C? phi?u CTCP Th??ng m?i Hóc Môn
HTE;UPCoM;CTCP Dau tu kinh doanh Dien luc TP.HCM
HTM;UPCoM;CTCP Tong cong ty Thuong mai Ha noi
HTP;UPCoM;C? phi?u CTCP In Sách giáo khoa Hoà Phát
HTT;UPCoM;CTCP Thuong mai Ha Tay
HU3;UPCoM;Công ty c? ph?n ??u t? và Xây d?ng HUD3
HU4;UPCoM;CTCP Dau tu va Xay dung HUD4
HU6;UPCoM;CTCP ??u t? Phát tri?n nhà và ?ô th? HUD6
HUG;UPCoM;CTCP Tong cty may Hung Yen
HUT;HNX;C? phi?u CTCP Tasco
HVA;UPCoM;Công ty c? ph?n ??u t? HVA
HVG;UPCoM;CTCP Hung Vuong
HVT;HNX;C? phi?u Công ty C? ph?n Hóa ch?t Vi?t Trì
HWS;UPCoM;Công ty c? ph?n C?p n??c Hu?
IBC;UPCoM;Công ty c? ph?n ??u t? Apax Holdings
IBD;UPCoM;CTCP In tong hop Thai Binh Duong
ICC;UPCoM;CTCP Xay dung Cong nghiep
ICF;UPCoM;CTCP ??u t? Th??ng m?i Th?y s?n
ICG;HNX;C? phi?u CTCP Xây d?ng Sông H?ng
ICI;UPCoM;C? phi?u CTCP ??u t? và Xây d?ng Công nghi?p
ICN;UPCoM;CTCP ??u t? Xây d?ng D?u khí IDICO
IDC;HNX;T?ng Công ty IDICO - CTCP
IDJ;HNX;Công ty C? ph?n ??u t? IDJ Vi?t Nam
IDP;UPCoM;Công ty c? ph?n S?a Qu?c T? LOF
IDV;HNX;IDV - Công ty C? ph?n Phát tri?n h? t?ng V?nh Phúc
IFS;UPCoM;CTCP Thuc pham Quoc te
IHK;UPCoM;C? phi?u CTCP In Hàng không
ILA;UPCoM;Công ty c? ph?n ILA
ILC;UPCoM;CTCP Hop tac lao dong voi nuoc ngoai
ILS;UPCoM;CTCP Dau tu Thuong mai va Dich vu Quoc te
IME;UPCoM;C? phi?u CTCP C? khí và Xây l?p Công nghi?p
IN4;UPCoM;C? phi?u CTCP In s? 4
INC;HNX;C? phi?u CTCP T? v?n ??u t? IDICO
ING;UPCoM;CTCP Dau tu va Phat trien Xay dung
INN;HNX;C? phi?u CTCP Bao bì và In Nông nghi?p
IPA;HNX;CTCP Tap doan dau tu I.P.A
IRC;UPCoM;Công ty c? ph?n Cao su Công nghi?p
ISG;UPCoM;CTCP van tai bien va hop tac lao dong quoc te
ISH;UPCoM;Công ty C? ph?n Th?y ?i?n Srok Phu Miêng IDICO
IST;UPCoM;CTCP ICD Tan cang Song than
ITA;UPCoM;CTCP Dau tu va Cong nghiep Tan Tao
ITQ;HNX;C? phi?u Công ty c? ph?n T?p ?oàn Thiên Quang
ITS;UPCoM;CTCP Dau tu, Thuong mai va Dich vu - Vinacomin
IVS;HNX;Công ty C? ph?n Ch?ng khoán Guotai Junan (Vi?t Nam)
JOS;UPCoM;CTCP Che bien Thuy san Xuat khau Minh Hai
KAC;UPCoM;CTCP ??u t? ??a ?c Khang An
KCB;UPCoM;Công ty c? ph?n Khoáng s?n và luy?n kim Cao B?ng
KCE;UPCoM;KCE - Công ty c? ph?n Bê tông Ly tâm ?i?n l?c Khánh Hòa
KDM;HNX;Công ty c? ph?n T?p ?oàn GCL
KGM;UPCoM;CTCP Xuat nhap khau Kien Giang
KHD;UPCoM;CTCP khai thac, che bien khoang san Hai Duong
KHL;UPCoM;C? phi?u Công ty c? ph?n Khoáng s?n và V?t li?u Xây d?ng H?ng Long
KHS;HNX;Công ty c? ph?n Kiên Hùng
KHW;UPCoM;Công ty c? ph?n C?p thoát n??c Khánh Hòa
KIP;UPCoM;Công ty c? ph?n K.I.P Vi?t Nam
KKC;HNX;Công ty c? ph?n T?p ?oàn Thành Thái
KLB;UPCoM;NHTMCP Kien Long
KLF;UPCoM;Công ty c? ph?n ??u t? Th??ng m?i và Xu?t nh?p kh?u CFS
KMT;HNX;Công ty C? ph?n Kim Khí Mi?n Trung
KPF;UPCoM;C? phi?u Công ty c? ph?n ??u t? tài s?n KOJI
KSD;HNX;Công ty C? ph?n ??u t? DNA
KSF;HNX;Công ty C? ph?n T?p ?oàn Sunshine
KSH;UPCoM;CTCP Damac GLS
KSQ;UPCoM;C? phi?u CTCP CNC Capital Vi?t Nam
KST;HNX;Công ty C? ph?n KASATI
KSV;HNX;Tong Cong ty Khoang san TKV-CTCP
KTC;UPCoM;CTCP Th??ng m?i Kiên Giang
KTL;UPCoM;CTCP Kim khi Thang Long
KTS;HNX;C? phi?u CTCP ???ng Kon Tum
KTT;UPCoM;Công ty c? ph?n T?p ?oàn ??u t? KTT
KVC;UPCoM;CTCP S?n xu?t Xu?t nh?p kh?u Inox Kim V?
KWA;UPCoM;CTCP Cap thoat nuoc va moi truong Kien Tuong
L12;UPCoM;CTCP Licogi 12
L14;HNX;L14 - Công ty C? ph?n LICOGI 14
L18;HNX;Công ty c? ph?n ??u t? và Xây d?ng s? 18
L35;UPCoM;C? phi?u CTCP C? khí L?p máy Lilama
L40;HNX;Công ty c? ph?n ??u t? và xây d?ng 40
L43;UPCoM;C? phi?u  Công ty c? ph?n Lilama 45.3
L44;UPCoM;C? phi?u CTCP LILAMA 45.4
L45;UPCoM;CTCP Lilama 45.1
L61;UPCoM;C? phi?u Công ty C? ph?n Lilama 69-1
L62;UPCoM;C? phi?u Công ty c? ph?n Lilama 69-2
L63;UPCoM;CTCP Lilama 69-3
LAI;UPCoM;CTCP Dau tu xay dung Long An IDICO
LAS;HNX;C? phi?u Công ty C? ph?n Supe Ph?t phát và Hóa ch?t Lâm Thao
LAW;UPCoM;CTCP Cap thoat nuoc Long An
LBE;HNX;Công ty c? ph?n Th??ng m?i và D?ch v? LVA
LCC;UPCoM;Công ty c? ph?n Xi m?ng H?ng Phong
LCD;HNX;Công ty c? ph?n L?p máy - Thí nghi?m C? ?i?n
LCM;UPCoM;CTCP Khai thác và Ch? bi?n khoáng s?n Lào cai
LCS;UPCoM;Công ty c? ph?n Licogi 166
LDP;HNX;C? phi?u CTCP D??c Lâm ??ng - Ladophar
LDW;UPCoM;Công ty C? ph?n C?p thoát n??c Lâm ??ng
LEC;UPCoM;Cong ty co phan Bat dong san dien luc Mien Trung
LG9;UPCoM;CTCP Co gioi va Xay lap so 9
LGM;UPCoM;CTCP Giay da va May mac Xuat khau LEGAMEX
LHC;HNX;C? phi?u CTCP ??u t? và xây d?ng th?y l?i Lâm ??ng
LIC;UPCoM;CTCP Tong Cong ty Licogi
LIG;HNX;C? phi?u CTCP LICOGI13
LKW;UPCoM;C? phi?u Công ty c? ph?n C?p n??c Long Khánh
LLM;UPCoM;CTCP Tong cong ty Lap may Viet Nam
LM3;UPCoM;C? phi?u CTCP LILAMA 3
LM7;UPCoM;LM7 - Công ty c? ph?n Lilama 7
LMC;UPCoM;Công ty c? ph?n Long Beach LMC
LMH;UPCoM;Công ty c? ph?n Qu?c t? Holding
LMI;UPCoM;CTCP ??u t? Xây d?ng L?p máy IDICO
LNC;UPCoM;CTCP Le Ninh
LO5;UPCoM;C? phi?u CTCP lilama 5
LPT;UPCoM;CTCP Thuong mai va San xuat Lap Phuong Thanh
LQN;UPCoM;CTCP Licogi Qu?ng Ngãi
LSG;UPCoM;CTCP Bat dong san Saigon Vina
LTC;UPCoM;C? phi?u CTCP ?i?n nh? Vi?n Thông
LTG;UPCoM;CTCP T?p ?oàn L?c Tr?i
LUT;UPCoM;C? phi?u CTCP ??u t? Xây d?ng L??ng Tài
M10;UPCoM;CTCP Tong cong ty May 10
MA1;UPCoM;CTCP Thiet bi
MAC;HNX;Công ty C? ph?n T?p ?oàn Macstar
MAS;HNX;C? phi?u CTCP D?ch v? Hàng không Sân bay ?à N?ng
MBG;HNX;Công ty c? ph?n T?p ?oàn MBG
MBN;UPCoM;CTCP Moi truong va Cong trinh Do thi Bac Ninh
MBS;HNX;CTCP Chung khoan MB
MBT;UPCoM;CTCP Bat dong san cho thue Minh Bao Tin
MCC;HNX;C? phi?u CTCP G?ch ngói cao c?p
MCF;HNX;C? ph?u CTCP Xây l?p C? khí & L??ng th?c Th?c ph?m
MCG;UPCoM;CTCP nang luong va bat dong san MCG
MCH;UPCoM;CTCP Hang tieu dung Masan
MCO;HNX;Công ty c? ph?n ??u t? và Xây d?ng BDC Vi?t Nam
MDA;UPCoM;CTCP Moi truong Do thi Dong Anh
MDC;HNX;Công ty c? ph?n Than Mông D??ng Vinacomin
MDF;UPCoM;Công ty c? ph?n g? MDF VRG Qu?ng Tr?
MEC;UPCoM;C? phi?u CTCP C? khí L?p máy Sông ?à
MED;HNX;CTCP D??c Trung ??ng Mediplantex
MEF;UPCoM;C? phi?u Công ty c? ph?n MEINFA
MEL;HNX;CTCP Thép Mê Lin
MES;UPCoM;CTCT Co dien cong trinh
MFS;UPCoM;CTCP Dich vu ky thuat MobiFone
MGC;UPCoM;CTCP Dia chat Mo_TKV
MGG;UPCoM;CTCP tong cong ty Duc Giang
MGR;UPCoM;CTCP Tap doan MGroup
MH3;UPCoM;CTCP Khu CN Cao su Binh Long
MHL;UPCoM;C? phi?u Công ty c? ph?n Minh H?u Liên
MIC;HNX;C? phi?u CTCP K? ngh? Khoáng s?n Qu?ng Nam
MIE;UPCoM;CTCP Tong cty May va Thiet bi Cong nghiep
MIM;UPCoM;C? phi?u Công ty c? ph?n Khoáng s?n và C? khí
MKP;UPCoM;CTCP Hóa - D??c ph?m Mekophar
MKV;HNX;C? phi?u CTCP d??c thú y Cai L?y
MLC;UPCoM;CTCP Moi truong Do thi tinh Lao cai
MLS;UPCoM;CTCP Chan nuoi - Mitraco
MML;UPCoM;CTCP Masan MeatLife
MNB;UPCoM;T?ng Công ty May Nhà Bè - Công ty c? ph?n
MND;UPCoM;CTCP Moi truong Nam Dinh
MPC;UPCoM;Công ty C? ph?n T?p ?oàn Thu? s?n Minh Phú
MPT;UPCoM;Công ty c? ph?n T?p ?oàn MPT
MPY;UPCoM;CTCP Moi truong Do thi Phu Yen
MQB;UPCoM;CTCP Moi truong va Phat trien do thi Quang Binh
MQN;UPCoM;CTCP Môi tr??ng ?ô th? Qu?ng Ngãi
MRF;UPCoM;CTCP Merufa
MSR;UPCoM;Công ty c? ph?n Masan High - Tech Materials
MST;HNX;Công ty c? ph?n ??u t? MST
MTA;UPCoM;Tong cong ty Khoang san va Thuong mai Ha tinh - CTCP
MTB;UPCoM;CTCP Moi truong va Cong trinh Do thi tinh Thai Binh
MTC;UPCoM;C? phi?u Công ty c? ph?n Khách s?n M? Trà
MTG;UPCoM;MTG - CTCP MT Gas
MTH;UPCoM;MTH - CTCP Môi tr??ng ?ô th? Hà ?ông
MTL;UPCoM;CTCP dich vu moi truong do thi Tu liem
MTP;UPCoM;Công ty c? ph?n D??c Medipharco
MTS;UPCoM;CTCP Vat tu - TKV
MTV;UPCoM;CTCP Dich vu Moi truong va Cong trinh do thi Vung Tau
MTX;UPCoM;Công ty c? ph?n Công trình ?ô th? Gò Công
MVB;HNX;TCT Cong nghiep mo Viet Bac TKV
MVC;UPCoM;CTCP Vat lieu va Xay dung Binh Duong
MVN;UPCoM;CTCP Tong cty Hang hai Viet Nam
MZG;UPCoM;Công ty c? ph?n Miza
NAC;UPCoM;CTCP Tu van Xay dung tong hop
NAG;HNX;Công ty c? ph?n T?p ?oàn Nagakawa Vi?t Nam
NAP;HNX;CTCP Cang Nghe Tinh
NAS;UPCoM;CTCP Dich vu hang khong san bay Noi Bai
NAU;UPCoM;CTCP Môi tr??ng và Công trình ?ô th? Ngh? An
NAW;UPCoM;CTCP Cap nuoc Nghe An
NBC;HNX;Công ty c? ph?n Than Núi Béo - Vinacomin
NBE;UPCoM;CTCP Sach va Thiet bi Giao duc Mien Bac
NBP;HNX;C? phi?u CTCP Nhi?t ?i?n Ninh Bình
NBT;UPCoM;CTCP Cap thoat nuoc Ben tre
NBW;HNX;C? phi?u CTCP C?p n??c Nhà Bè
NCG;UPCoM;Công ty c? ph?n T?p ?oàn Nova Consumer
NCS;UPCoM;CTCP Su?t ?n Hàng không N?i Bài
ND2;UPCoM;ND2 - CTCP ??u t? và Phát tri?n ?i?n Mi?n B?c 2
NDC;UPCoM;C? phi?u Công ty c? ph?n Nam D??c
NDF;UPCoM;NDF - CTCP Che bien thuc pham nong san xuat khau Nam Dinh
NDN;HNX;C? phi?u công ty C? ph?n ??u t? Phát tri?n Nhà ?à N?ng
NDP;UPCoM;Công ty c? ph?n D??c ph?m 2-9
NDT;UPCoM;T?ng Công ty C? ph?n D?t may Nam ??nh
NDW;UPCoM;CTCP Cap nuoc Nam Dinh
NDX;HNX;C? phi?u CTCP xây l?p phát tri?n nhà ?à N?ng
NED;UPCoM;CTCP Dau tu va Phat trien Dien Tay Bac
NEM;UPCoM;CTCP Thi?t b? ?i?n Mi?n B?c
NET;HNX;C? phi?u Công ty C? ph?n B?t gi?t NET
NFC;HNX;NFC-CTCP Phân lân Ninh Bình
NGC;UPCoM;Công ty C? ph?n Ch? bi?n Th?y s?n xu?t kh?u Ngô Quy?n
NHC;HNX;C?  Phi?u CTCP G?ch ngói Nh? Hi?p
NHP;UPCoM;NHP - CTCP San xuat Xuat nhap khau NHP
NHV;UPCoM;Công ty c? ph?n S?c kh?e H?i sinh Vi?t Nam
NJC;UPCoM;CTCP May Nam ??nh
NLS;UPCoM;CTCP Cap thoat nuoc Lang Son
NNT;UPCoM;C? phi?u CTCP C?p n??c Ninh Thu?n
NOS;UPCoM;Công ty c? ph?n V?n t?i Bi?n và Th??ng m?i Ph??ng ?ông
NQB;UPCoM;CTCP Cap nuoc Quang Binh
NQN;UPCoM;CTCP Nuoc sach Quang ninh
NQT;UPCoM;CTCP Nuoc sach Quang Tri
NRC;HNX;Công ty c? ph?n T?p ?oàn Danh Khôi
NS2;UPCoM;CTCP Nuoc sach so 2 Ha Noi
NSG;UPCoM;CTCP Nhua Sai Gon
NSH;HNX;Công ty c? ph?n T?p ?oàn Nhôm Sông H?ng Shalumi
NSL;UPCoM;CTCP cap nuoc Son La
NSS;UPCoM;CTCP Nông Súc S?n ??ng Nai
NST;HNX;C? phi?u CTCP Ngân S?n
NTB;UPCoM;CTCP ??u t? Xây d?ng & Khai thác Công trình Giao thông 584
NTC;UPCoM;CTCP Khu cong nghiep Nam Tan Uyen
NTF;UPCoM;CTCP Duoc - Vat tu Y te Nghe An
NTH;HNX;CTCP Th?y ?i?n N??c Trong
NTP;HNX;C? phi?u CTCP Nh?a thi?u niên -Ti?n Phong
NTT;UPCoM;CTCP Det - May Nha Trang
NTW;UPCoM;C? phi?u Công ty c? ph?n C?p n??c Nh?n Tr?ch
NUE;UPCoM;CTCP Moi truong Do thi Nha Trang
NVB;HNX;Ngân hàng Th??ng m?i c? ph?n Qu?c Dân
NVP;UPCoM;CTCP Nuoc sach Vinh Phuc
NWT;UPCoM;CTCP Van tai Newway
NXT;UPCoM;CTCP San xuat va Cung ung vat lieu xay dung Kon Tum
OCH;HNX;Công ty c? ph?n One Capital Hospitality
ODE;UPCoM;Công ty c? ph?n T?p ?oàn Truy?n thông và Gi?i trí ODE
OIL;UPCoM;T?ng Công ty D?u Vi?t Nam - Công ty c? ph?n
ONE;HNX;Công ty c? ph?n Công ngh? ONE
ONW;UPCoM;CTCP Dich vu Mot The gioi
PAI;UPCoM;CTCP Cong nghe thong tin, Vien thong va Tu dong hoa dau khi
PAP;UPCoM;CTCP D?u khí ??u t? Khai thác C?ng Ph??c An
PAS;UPCoM;PAS - CTCP Quoc Te Phuong Anh
PAT;UPCoM;CTCP Photpho Apatit Vi?t Nam
PBC;UPCoM;CTCP D??c ph?m Trung ??ng I - Pharbaco
PBP;HNX;CTCP Bao bì D?u khí Vi?t Nam
PBT;UPCoM;Công ty C? ph?n Bao bì và Th??ng m?i D?u khí Bình S?n
PCC;UPCoM;Công ty c? ph?n T?p ?oàn Xây l?p 1- Petrolimex
PCE;HNX;CTCP Phan bon va Hoa chat Dau khi Mien Trung
PCF;UPCoM;CTCP Ca phe Petec
PCG;UPCoM;C? phi?u Công ty C? ph?n ??u t? Phát tri?n Gas ?ô th?
PCH;HNX;CTCP Nh?a Picomat
PCM;UPCoM;CTCP vat lieu xay dung Buu dien
PCT;HNX;Công ty c? ph?n V?n t?i bi?n Global Pacific
PDB;HNX;Công ty C? ph?n T?p ?oàn ??u t? Din Capital
PDC;UPCoM;C? phi?u CTCP Du l?ch D?u khí Ph??ng ?ông
PDV;UPCoM;Công ty c? ph?n V?n t?i và Ti?p v?n Ph??ng ?ông Vi?t
PEC;UPCoM;Công ty c? ph?n C? khí ?i?n l?c
PEG;UPCoM;CTCP Tong cty Thuong mai ky thuat va Dau tu
PEN;HNX;CTCP Xây l?p III Petrolimex
PEQ;UPCoM;CTCP Thiet bi Xang dau Petrolimex
PFL;UPCoM;Công ty c? ph?n D?u khí ?ông ?ô
PGB;UPCoM;Ngân hàng th??ng m?i c? ph?n Th?nh V??ng và Phát tri?n
PGN;HNX;CTCP Phu Gia Nhua
PGS;HNX;Công ty c? ph?n Kinh doanh Khí mi?n Nam
PGT;HNX;Công ty c? ph?n PGT HOLDINGS
PHH;UPCoM;Công ty c? ph?n H?ng Hà Vi?t Nam
PHN;HNX;Công ty c? ph?n Pin Hà N?i
PHP;UPCoM;PHP - Cang Hai Phong
PHS;UPCoM;PHS - CTCP Ch?ng khoán Phú H?ng
PIA;HNX;CTCP Tin hoc Vien thong Petrolimex
PIC;HNX;CTCP Dau tu Dien luc 3
PID;UPCoM;CTCP Trang Tri Noi That Dau Khi
PIS;UPCoM;T?ng Công ty Pisico Bình ??nh - Công ty c? ph?n
PIV;UPCoM;Công ty c? ph?n PIV
PJC;HNX;C? phi?u CTCP Th??ng m?i và V?n t?i Petrolimex Hà N?i (Petajico HaNoi)
PJS;UPCoM;PJS - Công ty C? ph?n C?p n??c Phú Hòa Tân
PLA;UPCoM;CTCP Dau tu Dich vu ha tang Xang dau
PLC;HNX;C? phi?u T?ng Công ty Hóa d?u Petrolimex - CTCP
PLE;UPCoM;CTCP T? v?n Xây d?ng Petrolimex
PLO;UPCoM;CTCP Kho van Petec
PMB;HNX;CTCP Phan bon va Hoa chat Dau khi Mien Bac
PMC;HNX;C? phi?u CTCP D??c ph?m d??c li?u Pharmedic
PMJ;UPCoM;CTCP Vat tu Buu dien
PMP;HNX;CTCP Bao bi Dam Phu My
PMS;HNX;C? phi?u công ty c? ph?n C? khí X?ng D?u
PMT;UPCoM;Công ty c? ph?n Vi?n thông Telvina Vi?t Nam
PMW;UPCoM;CTCP C?p n??c Phú M?
PND;UPCoM;CTCP Xang dau Dau khi NamDinh
PNG;UPCoM;CTCP Thuong Mai Phu Nhuan
PNP;UPCoM;CTCP Tân C?ng - Phú H?u
PNT;UPCoM;CTCP Ky thuat Xay dung Phu Nhuan
POB;UPCoM;CTCP Xang dau dau khi Thai Binh
POM;UPCoM;CTCP thep Pomina
POS;UPCoM;CTCP dich vu lap dat, van hanh va bao duong cong trinh dau khi bien PTSC
POT;HNX;C? phi?u CTCP Thi?t b? B?u ?i?n
POV;UPCoM;POV - C? phi?u CTCP X?ng d?u D?u khí V?ng Áng
PPE;HNX;Công ty c? ph?n T? v?n ??u T? PP Enterprise
PPH;UPCoM;Tong CTCP Phong Phu
PPI;UPCoM;CTCP Dau tu va Phat trien Du an Ha tang Thai Binh Duong
PPP;HNX;C? phi?u CTCP D??c ph?m Phong Phú
PPS;HNX;PPS - Công ty C? ph?n D?ch v? K? thu?t ?i?n l?c D?u khí Vi?t Nam
PPT;HNX;CTCP Petrotimes
PPY;HNX;CTCP Xang Dau Dau khi Phu Yen
PQN;UPCoM;CTCP Dich vu Dau khi Quang Ngai PTSC
PRC;HNX;Công ty c? ph?n Logistics Portserco
PRE;HNX;Công ty c? ph?n Tái b?o hi?m Hà N?i
PRO;UPCoM;CTCP Procimex Vi?t Nam
PRT;UPCoM;CTCP Tong cty San xuat - Xuat nhap khau Binh Duong
PSB;UPCoM;c? phi?u CTCP ??u t? D?u khí Sao Mai - B?n ?ình
PSC;HNX;C? phi?u CTCP V?n t?i và D?ch v? Petrolimex Sài Gòn
PSD;HNX;C? phi?u Công ty c? ph?n D?ch v? Phân ph?i T?ng h?p D?u khí
PSE;HNX;CTCP Phân bón và Hóa ch?t D?u khí ?ông Nam B?
PSG;UPCoM;C? phi?u CTCP ??u t? và Xây l?p D?u khí Sài Gòn
PSH;UPCoM;C? phi?u Công ty c? ph?n Th??ng m?i ??u t? D?u khí Nam Sông H?u
PSI;HNX;PSI - C? phi?u Công ty C? ph?n Ch?ng khoán D?u Khí
PSL;UPCoM;C? phi?u CTCP Ch?n nuôi Phú S?n
PSN;UPCoM;CTCP D?ch v? K? thu?t T?ng h?p PTSC Thanh Hóa
PSP;UPCoM;c? phi?u CTCP C?ng d?ch v? D?u khí ?ình V?
PSW;HNX;PSW - CTCP Phan Bon va Hoa Chat Dau khi Tay Nam Bo
PTD;HNX;PTD - CTCP Thi?t k? Xây d?ng Th??ng m?i Phúc Th?nh
PTE;UPCoM;PTE - CTCP Xi mang Phu Tho
PTG;UPCoM;C? phi?u CTCP May xu?t kh?u Phan Thi?t
PTH;UPCoM;C? phi?u CTCP V?n t?i và D?ch v? Petrolimex Hà Tây
PTI;HNX;PTI - T?ng CTCP B?o hi?m B?u ?i?n
PTM;UPCoM;C? phi?u Công ty c? ph?n S?n xu?t, Th??ng m?i và D?ch v? Ô tô PTM
PTO;UPCoM;CTCP Dich vu - Xay dung Cong trinh Buu dien
PTP;UPCoM;Công ty c? ph?n PTP
PTS;HNX;C? phi?u CTCP V?n t?i và D?ch v? Petrolimex H?i Phòng
PTT;UPCoM;C? phi?u CTCP V?n t?i D?u khí ?ông D??ng
PTV;UPCoM;Công ty c? ph?n Th??ng m?i D?u khí
PTX;HNX;CTCP Van tai va Dich vu Petrolimex Nghe Tinh
PV2;HNX;Công ty c? ph?n ??u t? PV2
PVA;UPCoM;Công ty C? ph?n T?ng Công ty Xây l?p D?u khí Ngh? An
PVB;HNX;C? phi?u CTCP B?c ?ng d?u khí Vi?t Nam
PVC;HNX;C? phi?u T?ng Công ty Hóa ch?t và D?ch v? D?u khí - CTCP (PVChem)
PVE;UPCoM;T?ng Công ty T? v?n Thi?t k? D?u khí - CTCP
PVG;HNX;Công ty c? ph?n Kinh doanh LPG Vi?t Nam
PVH;UPCoM;CTCP Xay lap Dau khi Thanh Hoa
PVI;HNX;Công ty c? ph?n PVI
PVL;UPCoM;Công ty c? ph?n ??u t? Nhà ??t Vi?t
PVM;UPCoM;CTCP May - Thiet bi Dau khi
PVO;UPCoM;CTCP Dau Nhon PV OIL
PVR;UPCoM;Công ty c? ph?n ??u t? PVR Hà N?i
PVS;HNX;C? phi?u T?ng CTCP D?ch V? K? Thu?t D?u Khí Vi?t Nam
PVV;UPCoM;CTCP Vinaconex 39
PVX;UPCoM;C? phi?u TCTCP Xây l?p D?u khí Vi?t Nam
PVY;UPCoM;Công ty C? ph?n Ch? t?o Giàn khoan D?u khí
PWA;UPCoM;CTCP Bat dong san Dau khi
PWS;UPCoM;CTCP Cap thoat nuoc Phu Yen
PX1;UPCoM;Công ty c? ph?n Xi m?ng Sông Lam 2
PXA;UPCoM;C? phi?u CTCP ??u t? và Th??ng m?i D?u khí Ngh? An
PXC;UPCoM;CTCP Phat trien Do thi dau khi
PXI;UPCoM;CTCP Xay dung Cong nghiep va Dan dung dau khi
PXL;UPCoM;Công ty c? ph?n ??u t? Khu Công nghi?p D?u khí Long S?n
PXM;UPCoM;Công ty c? ph?n Xây l?p D?u khí Mi?n Trung
PXS;UPCoM;CTCP Ket cau Kim loai va lap may dau khi
PXT;UPCoM;Công ty c? ph?n Xây l?p ???ng ?ng b? ch?a D?u khí
QBS;UPCoM;CTCP Xuat nhap khau Quang Binh
QCC;UPCoM;Công ty c? ph?n ??u t? Xây d?ng và Phát tri?n H? t?ng Vi?n Thông
QHD;HNX;C? phi?u công ty c? ph?n Que hàn ?i?n Vi?t ??c
QHW;UPCoM;CTCP nuoc khoang Quang Ninh
QNC;UPCoM;C? phi?u CTCP Xi m?ng và Xây d?ng Qu?ng Ninh
QNS;UPCoM;CTCP DUONG QUANG NGAI
QNT;UPCoM;Công ty c? ph?n T? v?n và ??u t? phát tri?n Qu?ng Nam
QNU;UPCoM;QNU- CTCP Moi truong do thi Quang Nam
QNW;UPCoM;CTCP Cap thoat nuoc va xay dung Quang Ngai
QPH;UPCoM;Công ty C? ph?n Th?y ?i?n Qu? Phong
QSP;UPCoM;CTCP Tan Cang Quy Nhon
QST;HNX;C? phi?u CTCP Sách và thi?t b? tr??ng h?c Qu?ng Ninh
QTC;HNX;C? phi?u CTCP Công trình GTVT Qu?ng Nam
QTP;UPCoM;CTCP Nhiet dien Quang Ninh
RAT;UPCoM;CTCP Van tai va thuong mai Duong sat
RBC;UPCoM;CTCP Công nghi?p và Xu?t nh?p kh?u Cao Su
RCC;UPCoM;CTCP Tong cong ty Cong trinh duong sat
RCD;UPCoM;CTCP Xây d?ng - ??a ?c Cao su
RCL;HNX;C? phi?u CTCP ??a ?c Ch? L?n
RDP;UPCoM;Co phieu cong ty co phan Rang Dong Holding
RIC;UPCoM;CTCP Quoc te Hoang gia
RTB;UPCoM;CTCP Cao Su Tan Bien
S12;UPCoM;C? phi?u Công ty c? ph?n Sông ?à 12
S27;UPCoM;S27 - CTCP Song Da 27
S55;HNX;C? phi?u CTCP Sông ?à 505
S72;UPCoM;CTCP Song Da 7.02
S74;UPCoM;C? phi?u CTCP Sông ?à 7.04
S96;UPCoM;C? phi?u CTCP Sông ?à 9.06
S99;HNX;Công ty c? ph?n SCI
SAC;UPCoM;CTCP Xep do va Dich vu Cang Sai Gon
SAF;HNX;C? phi?u CTCP L??ng th?c Th?c ph?m Safoco
SAL;UPCoM;CTCP truc vot cuu ho Viet Nam
SAP;UPCoM;C? phi?u CTCP In Sách giáo khoa Tp.HCM
SAS;UPCoM;Công ty c? ph?n D?ch v? Hàng không Sân bay Tân S?n Nh?t
SB1;UPCoM;CTCP Bia Sai Gon - Nghe Tinh
SBB;UPCoM;CTCP Tap doan Bia Sai Gon Binh Tay
SBD;UPCoM;CTCP Cong nghe Sao Bac Dau
SBH;UPCoM;Công ty C? ph?n Th?y ?i?n Sông Ba H?
SBL;UPCoM;CTCP Bia Sai Gon - Bac Lieu
SBM;UPCoM;CTCP Dau tu Phat trien Bac Minh
SBR;UPCoM;CTCP Cao Su Song Be
SBS;UPCoM;Công ty c? ph?n Ch?ng khoán SBS
SCC;UPCoM;Công ty c? ph?n Th??ng m?i ??u t? SHB
SCD;UPCoM;CTCP Nuoc giai khat Chuong Duong
SCG;HNX;Công ty c? ph?n T?p ?oàn Xây d?ng SCG
SCI;HNX;Công ty c? ph?n SIC E&C
SCJ;UPCoM;CTCP Xi mang Sai Son
SCL;UPCoM;SCL - CTCP Sông ?à Cao C??ng
SCO;UPCoM;C? phi?u CTCP Công nghi?p Th?y S?n
SCY;UPCoM;CTCP Dong tau Song Cam
SD1;UPCoM;SD1 - CTCP Sông ?à 1
SD2;UPCoM;CTCP Song Da 2
SD3;UPCoM;Công ty c? ph?n sông ?à 3
SD4;UPCoM;C? phi?u CTCP Sông ?à 4
SD5;HNX;C? phi?u CTCP Sông ?à 5
SD6;UPCoM;C? phi?u CTCP Sông ?à 6
SD7;UPCoM;CTCP Song ?a 7
SD8;UPCoM;Công ty C? Ph?n Sông ?à 8
SD9;HNX;C? phi?u CTCP Sông ?à 9
SDA;HNX;Công ty c? ph?n SIMCO Sông ?à
SDB;UPCoM;C? phi?u CTCP Sông ?à 207
SDC;HNX;C? phi?u Công ty C? ph?n T? v?n Sông ?à
SDD;UPCoM;C? phi?u CTCP ??u t? và Xây l?p Sông ?à
SDG;HNX;C? phi?u Công ty c? ph?n Sadico C?n Th?
SDJ;UPCoM;Công ty C? ph?n Sông ?à 25
SDK;UPCoM;SDK - CTCP C? khí Luy?n Kim
SDN;HNX;C? phi?u CTCP S?n ??ng Nai
SDP;UPCoM;CTCP SDP
SDT;UPCoM;C? phi?u Công ty C? ph?n Sông ?à 10
SDU;HNX;Công ty c? ph?n ??u t? xây d?ng và phát tri?n ?ô th? Sông ?à
SDV;UPCoM;SDV - Công ty C? ph?n D?ch v? Sonadezi
SDX;UPCoM;CTCP Phong chay chua chay va Dau tu xay dung Song Da
SDY;UPCoM;C? phi?u CTCP Xi m?ng Sông ?à Yaly
SEA;UPCoM;Tong Cong ty Thuy san Viet Nam - CTCP
SEB;HNX;C? phi?u Công ty CP ??u t? và Phát tri?n ?i?n Mi?n Trung
SED;HNX;C? phi?u CTCP ??u t? và Phát tri?n Giáo d?c Ph??ng Nam
SEP;UPCoM;CTCP TCT Thuong mai Quang tri
SFN;HNX;C? phi?u CTCP D?t l??i Sài Gòn
SGB;UPCoM;NHTM CP Sai Gon Cong Thuong
SGC;HNX;c? phi?u CTCP Xu?t nh?p kh?u Sa Giang
SGD;HNX;C? phi?u CTCP Sách giáo d?c t?i Tp.HCM
SGH;HNX;C? phi?u CTCP Khách s?n Sài Gòn
SGI;UPCoM;CTCP ??u t? phát tri?n Sài Gòn 3 Group
SGP;UPCoM;CTCP Cang Sai Gon
SGS;UPCoM;SGS - Công ty C? ph?n V?n t?i Bi?n Sài Gòn
SHC;UPCoM;Công Ty C? Ph?n Hàng H?i Sài Gòn
SHE;HNX;CTCP Phat trien nang luong Son Ha
SHG;UPCoM;T?ng Công ty c? ph?n Sông H?ng
SHN;HNX;C? phi?u CTCP ??u t? T?ng h?p Hà N?i
SHS;HNX;C? phi?u CTCP Ch?ng khoán Sài Gòn - Hà N?i
SID;UPCoM;CTCP Dau tu va Phat trien Sai Gon Co.op
SIG;UPCoM;CTCP Dau tu va Thuong mai Song Da
SII;UPCoM;CTCP ha tang nuoc Sai Gon
SIV;UPCoM;CTCP SIVICO
SJ1;HNX;Công ty C? ph?n Nông nghi?p Hùng H?u
SJC;UPCoM;CTCP Song Da 1.01
SJE;HNX;C? phi?u CTCP Sông ?à 11
SJF;UPCoM;CTCP Dau tu Sao Thai Duong
SJG;UPCoM;CTCP Tong cong ty Song Da
SJM;UPCoM;C? phi?u CTCP Sông ?à 19
SKH;UPCoM;Công ty C? ph?n N??c gi?i khát Sanest Khánh Hòa
SKN;UPCoM;CTCP nuoc giai khat Sanna Khanh Hoa
SKV;UPCoM;CTCP nuoc giai khat Yen sao Khanh Hoa
SLD;UPCoM;C? phi?u Công ty c? ph?n ??a ?c Sacom
SLS;HNX;SLS - Công ty c? ph?n Mía ???ng S?n La
SMN;HNX;SMN - CTCP Sach va Thiet bi Giao duc Mien nam
SMT;HNX;Công ty C? ph?n Sametel
SNC;UPCoM;CTCP Xu?t nh?p kh?u Thu? s?n N?m C?n
SNZ;UPCoM;T?ng Công ty C? ph?n Phát tri?n Khu công nghi?p
SP2;UPCoM;CTCP Thuy dien Su Pan 2
SPB;UPCoM;CTCP Soi Phu Bai
SPC;HNX;SPC - CTCP B?o v? Th?c v?t Sài Gòn
SPD;UPCoM;C? phi?u CTCP XNK Thu? s?n Mi?n Trung
SPH;UPCoM;CTCP Xu?t nh?p kh?u th?y s?n Hà N?i
SPI;UPCoM;C? phi?u Công ty c? ph?n Spiral Galaxy
SPV;UPCoM;CTCP Thuy Dac San
SQC;UPCoM;C? phi?u CTCP Khoáng s?n Sài Gòn - Quy Nh?n
SRA;HNX;C? phi?u CTCP SARA Vi?t Nam
SRB;UPCoM;Công ty C? ph?n T?p ?oàn Sara
SSF;UPCoM;Công ty c? ph?n Giáo d?c G Sài Gòn
SSG;UPCoM;C? phi?u CTCP V?n t?i Bi?n H?i Âu
SSH;UPCoM;CTCP Phát tri?n Sunshine Homes
SSM;HNX;C? phi?u CTCP Ch? t?o k?t c?u thép VNECO.SSM
SSN;UPCoM;Công ty CP xu?t nh?p kh?u Th?y s?n Sài gòn
STC;HNX;C? phi?u CTCP Sách và Thi?t b? Tr??ng h?c t?i Tp, HCM
STH;UPCoM;CTCP Phát hành sách Thái Nguyên
STL;UPCoM;CTCP Sông ?à Th?ng Long
STP;HNX;C? phi?u CTCP Công nghi?p Th??ng m?i Sông ?à
STS;UPCoM;C? phi?u CTCP D?ch v? V?n t?i Sài Gòn
STT;UPCoM;CTCP Van chuyen Sai Gon Tourist
STW;UPCoM;CTCP Cap nuoc Soc Trang
SVG;UPCoM;CTCP Hoi Ky nghe Que han
SVH;UPCoM;CTCP Th?y ?i?n Sông Vàng
SVN;HNX;Công ty c? ph?n T?p ?oàn Vexilla Vi?t Nam
SWC;UPCoM;C? phi?u T?ng CTCP ???ng Sông Mi?n nam
SZB;HNX;CTCP Sonadezi Long Binh
SZE;UPCoM;CTCP Moi truong Sonadezi
SZG;UPCoM;CTCP Sonadezi Giang Dien
TA6;UPCoM;Công ty c? ph?n ??u t? và Xây l?p Thành An 665
TA9;HNX;TA9 - CTCP Xay lap Thanh an 96
TAB;UPCoM;Cong ty co phan Freco Viet Nam
TAL;UPCoM;Co phieu CTCP Dau tu BDS Taseco
TAN;UPCoM;CTCP Ca Phe Thuan An
TAR;UPCoM;CTCP Nông nghi?p CNC Trung An
TAW;UPCoM;CTCP Cap nuoc Trung An
TB8;UPCoM;CTCP San xuat va Kinh doanh Vat tu Thiet bi VVMI
TBD;UPCoM;T?ng Công ty Thi?t b? ?i?n ?ông Anh - CTCP
TBH;UPCoM;CTCP T?ng Bách Hóa
TBR;UPCoM;CTCP ??a ?c Tân Bình
TBT;UPCoM;C? phi?u CTCP Xây d?ng Công trình Giao thông B?n Tre
TBW;UPCoM;Co Phieu CTCP Nuoc Sach Thai Binh
TBX;HNX;C? phi?u CTCP Xi m?ng Thái Bình
TCJ;UPCoM;CTCP To Chau
TCK;UPCoM;CTCP Tong cong ty co khi xay dung
TCW;UPCoM;CTCP Kho v?n Tân C?ng
TD6;HNX;C? phi?u Công ty c? ph?n Than ?èo Nai - C?c Sáu - TKV
TDB;UPCoM;CTCP Thuy dien Binh Dinh
TDF;UPCoM;CTCP Trung ?ô
TDS;UPCoM;Công ty c? ph?n Thép Th? ??c- VNSTEEL
TDT;HNX;CTCP Dau tu va phat trien TDT
TED;UPCoM;CTCP Tong cty Tu van thiet ke Giao thong van tai
TEL;UPCoM;CTCP Phat trien cong trinh Vien Thong
TET;HNX;C? phi?u CTCP V?i s?i may m?c Mi?n B?c
TFC;HNX;CTCP Trang
TGG;UPCoM;CTCP The Golden Group
TGP;UPCoM;C? phi?u Công ty c? ph?n Tr??ng Phú
TH1;UPCoM;C? phi?u CTCP XNK T?ng h?p I VN
THB;HNX;Công ty c? ph?n Bia Hà N?i - Thanh Hóa
THD;HNX;CTCP Thaiholdings
THM;UPCoM;CTCP T? H?i Hà Nam
THN;UPCoM;CTCP Cap nuoc Thanh Hoa
THP;UPCoM;CTCP Thuy san Va Thuong mai Thuan Phuoc
THS;HNX;CTCP Thanh Hoa - Sông ?à
THT;HNX;Công ty c? ph?n Than Hà Tu - Vinacomin
THU;UPCoM;CTCP Moi truong va Cong trinh Do thi Thanh Hoa`
THW;UPCoM;CTCP Cap nuoc Tan Hoa
TID;UPCoM;CTCP Tong cty Tin Nghia
TIE;UPCoM;CTCP TIE
TIG;HNX;C? phi?u CTCP T?p ?oàn ??u t? Th?ng Long
TIN;UPCoM;CTCP Tai chinh Co phan Tin Viet
TIS;UPCoM;C? phi?u Công ty c? ph?n Gang Thép Thái Nguyên
TJC;HNX;C? phi?u CTCP D?ch v? V?n t?i và Th??ng m?i
TKA;UPCoM;CTCP Bao bi Tan Khanh An
TKC;UPCoM;C? phi?u CTCP Xây d?ng và Kinh doanh ??a ?c Tân K?
TKG;UPCoM;CTCP S?n xu?t và Th??ng m?i Tùng Khánh
TKU;HNX;C? phi?u CTCP Công nghi?p Tung Kuang
TL4;UPCoM;T?ng công ty Xây d?ng Th?y l?i 4 - CTCP
TLI;UPCoM;CTCP May Quoc te Thang Loi
TLP;UPCoM;T?ng công ty Th??ng m?i Xu?t nh?p kh?u Thanh L? - Công ty c? ph?n
TLT;UPCoM;C? phi?u Công ty C? ph?n ViglaceraTh?ng long
TMB;HNX;CTCP Kinh doanh than Mien Bac - Vinacomin
TMC;HNX;C? phi?u CTCP Th??ng m?i và Xu?t nh?p kh?u Th? ??c
TMG;UPCoM;CTCP Kim loai mau Thai Nguyen - Vimico
TMW;UPCoM;CTCP T?ng h?p G? tân Mai
TMX;HNX;Công ty c? ph?n VICEM Th??ng m?i Xi m?ng
TNA;UPCoM;CTCP Thuong mai Xuat nhap khau Thien Nam
TNB;UPCoM;Công ty c? ph?n Thép Nhà Bè- VNSTEEL
TNG;HNX;C? phi?u CTCP ??u t? và Th??ng m?i TNG
TNM;UPCoM;C? phi?u CTCP XNK và Xây d?ng công trình
TNP;UPCoM;CTCP Cang Thi Nai
TNS;UPCoM;CTCP Thep Tam la Thong nhat
TNV;UPCoM;CTCP Th?ng Nh?t Hà N?i
TNW;UPCoM;CTCP Nuoc sach Thai Nguyen
TOP;UPCoM;CTCP Phan phoi Top one
TOS;UPCoM;CTCP Dich vu bien Tan Cang
TOT;HNX;Công ty c? ph?n Transimex Logistics
TOW;UPCoM;CTCP Cap nuoc Tra Noc - O Mon
TPH;HNX;C? Phi?u CTCP In SGK t?i Tp. Hà N?i
TPP;HNX;Công ty c? ph?n Tân Phú Vi?t Nam
TPS;UPCoM;CTCP Ben bai Van tai Sai Gon
TQN;UPCoM;CTCP Thong Quang ninh
TQW;UPCoM;CTCP C?p thoát n??c Tuyên Quang
TR1;UPCoM;CTCP Van tai 1 Traco
TRS;UPCoM;CTCP van tai va dich vu hang hai
TRT;UPCoM;Công ty c? ph?n RedstarCera
TRV;UPCoM;Công ty c? ph?n V?n t?i ???ng s?t
TS3;UPCoM;Công ty c? ph?n Tr??ng S?n 532
TS4;UPCoM;CTCP Th?y s?n s? 4
TSA;UPCoM;CTCP Dau tu va Xay lap Truong Son
TSB;HNX;C? phi?u CTCP ?c qui Tia Sáng
TSD;UPCoM;CTCP Du lich Truong son COECCO
TSG;UPCoM;CTCP Thông tin tín hi?u ???ng s?t Sài Gòn
TSJ;UPCoM;CTCP Du lich dich vu Ha noi
TST;UPCoM;C? phi?u CTCP D?ch v? K? thu?t Vi?n thông
TT6;UPCoM;C? phi?u CTCP T?p ?oàn Ti?n Th?nh
TTB;UPCoM;Công ty c? ph?n TTBGROUP
TTC;HNX;C? phi?u CTCP G?ch men Thanh Thanh
TTD;UPCoM;CTCP Benh vien Tim Tam Duc
TTG;UPCoM;C? phi?u CTCP May Thanh Trì
TTH;HNX;CTCP Thuong mai va Dich vu Tien Thanh
TTL;HNX;CTCP Tong cong ty Thang Long
TTN;UPCoM;Công ty c? ph?n Công ngh? và Truy?n thông Vi?t Nam
TTS;UPCoM;CTCP Cán thép Thái Trung
TTT;HNX;CTCP Du lich-Thuong mai Tay Ninh
TTZ;UPCoM;CTCP Dau tu Xay dung va Cong nghe Tien Trung
TUG;UPCoM;CTCP Lai dat va Van tai Cang Hai phong
TV1;UPCoM;CTCP T? v?n Xây d?ng ?i?n 1
TV3;HNX;C? phi?u CTCP T? V?n Xây d?ng ?i?n 3
TV4;HNX;C? phi?u CTCP T? v?n Xây d?ng ?i?n 4
TV6;UPCoM;Công ty c? ph?n T?p ?oàn EMA LAND
TVA;UPCoM;CTCP Su Viglacera Thanh Tri
TVC;HNX;Công ty c? ph?n T?p ?oàn Qu?n lý tài s?n Trí Vi?t
TVD;HNX;Công ty c? ph?n Than Vàng Danh - Vinacomin
TVG;UPCoM;C? phi?u CTCP T? v?n ??u t? và Xây d?ng Giao thông v?n t?i
TVH;UPCoM;CTCP Tu van Xay dung Cong trinh Hang hai
TVM;UPCoM;CTCP T? v?n ??u t? m? và công nghi?p - Vinacomin
TVN;UPCoM;CTCP - Tong cong ty Thep Viet Nam
TW3;UPCoM;CTCP Duoc TU 3
TXM;HNX;C? phi?u CTCP Vicem Th?ch cao Xi m?ng
UCT;UPCoM;CTCP Do thi Can Tho
UDC;UPCoM;CTCP Xay dung va Phat trien Do thi Tinh Ba Ria - Vung Tau
UDJ;UPCoM;C? phi?u CTCP Phát tri?n ?ô th?
UDL;UPCoM;CTCP ?ô th? và Môi tr??ng ??k L?k
UEM;UPCoM;CTCP Co dien Uong Bi - Vinacomin
UMC;UPCoM;CTCP Cong trinh do thi Nam Dinh
UNI;HNX;Công ty c? ph?n ??u t? và Phát tri?n Sao Mai Vi?t
UPC;UPCoM;CTCP Phat trien Cong vien Cay xanh va Do thi Vung Tau
UPH;UPCoM;CTCP Duoc pham TW25
USC;UPCoM;CTCP Khao sat va Xay dung - USCO
USD;UPCoM;CTCP Cong Trinh Do thi Soc Trang
UXC;UPCoM;CTCP Ch? bi?n th?y s?n Út Xi
V11;UPCoM;C? phi?u Công ty c? ph?n xây d?ng s? 11
V12;HNX;C? phi?u CTCP Xây d?ng s? 12
V15;UPCoM;C? phi?u CTCP Xây d?ng s? 15
V21;HNX;Công ty c? ph?n Vinaconex 21
VAB;UPCoM;Ngan hang TMCP Viet A
VAV;UPCoM;CTCP VIWACO
VBB;UPCoM;Ngân hàng TMCP Vi?t Nam Th??ng Tín
VBC;HNX;C? phi?u CTCP Nh?a - Bao bì Vinh
VBG;UPCoM;CTCP Dia chat Viet Bac - TKV
VBH;UPCoM;C? phi?u CTCP ?i?n t? Bình Hoà
VC1;HNX;C? phi?u CTCP Xây d?ng s? 1
VC2;HNX;Công ty c? ph?n ??u t? và Xây d?ng VINA2
VC3;HNX;Công ty c? ph?n T?p ?oàn Nam Mê Kông
VC5;UPCoM;C? phi?u CTCP Xây d?ng s? 5
VC6;HNX;Công ty c? ph?n Xây d?ng và ??u t? Visicons
VC7;HNX;Công ty C? ph?n T?p ?oàn BGI
VC9;HNX;C? phi?u CTCP Xây d?ng s? 9
VCC;HNX;C? phi?u Công ty c? ph?n Vinaconex 25
VCE;UPCoM;CTCP Xay lap Moi truong - TKV
VCM;HNX;Công ty C? ph?n BV Life
VCP;UPCoM;Công ty c? ph?n Xây d?ng và N?ng l??ng VCP
VCR;UPCoM;C? phi?u CTCP ??u t? và Phát tri?n Du L?ch Vinaconex
VCS;HNX;C? phi?u CTCP VICOSTONE
VCT;UPCoM;VCT - CTCP T? v?n Xây d?ng Vinaconex
VCW;UPCoM;Công ty c? ph?n ??u t? N??c s?ch Sông ?à
VCX;UPCoM;CTCP Xi M?ng Yên Bình
VDB;UPCoM;CTCP Van tai va Che bien Than Dong Bac
VDG;UPCoM;CTCP V?n ??t Group
VDL;HNX;C? phi?u CTCP Th?c ph?m Lâm ??ng
VDN;UPCoM;C? phi?u CTCP Vinatex ?à N?ng
VDT;UPCoM;VDT - Công ty C? ph?n L??i thép Bình Tây
VE1;HNX;Công ty c? ph?n Xây d?ng ?i?n VNECO1
VE2;UPCoM;C? phi?u CTCP Xây d?ng ?i?n VNECO 2
VE3;HNX;VE3 - CTCP Xây d?ng ?i?n VNECO 3
VE4;HNX;C? phi?u Công ty c? ph?n Xây d?ng ?i?n VNECO4
VE8;UPCoM;C? PHI?U CÔNG TY C? PH?N XÂY D?NG ?I?N VNECO 8
VE9;UPCoM;Công ty C? ph?n ??u t? và Xây d?ng VNECO 9
VEA;UPCoM;CTCP Tong cty May dong luc va May nong nghiep Viet Nam
VEC;UPCoM;Tong CTCP Dien tu va Tin hoc Viet Nam
VEF;UPCoM;CTCP Trung tâm H?i ch? Tri?n lãm Vi?t Nam
VES;UPCoM;CTCP ??u t? và Xây d?ng ?i?n Mê ca Vneco
VET;UPCoM;CTCP Thuoc thu y Trung uong Navetco
VFC;UPCoM;C? Phi?u CTCP VINAFCO
VFR;UPCoM;C? phi?u Công ty C? ph?n V?n t?i và Thuê tàu
VFS;HNX;CTCP Chung khoan Nhat Viet
VGG;UPCoM;CTCP May Viet Tien
VGI;UPCoM;CTCP Dau tu quoc te Viettel
VGL;UPCoM;CTCP Ma kem cong nghiep Vingal-Vnsteel
VGP;HNX;C? phi?u CTCP C?ng Rau Qu?
VGR;UPCoM;CTCP Cang Xanh VIP
VGS;HNX;C? phi?u CTCP ?ng thép Vi?t ??c VG PIPE
VGT;UPCoM;CTCP - Tap doan Det may Viet Nam
VGV;UPCoM;Tong Cong ty Tu van Xay dung Viet nam
VHD;UPCoM;Công ty c? ph?n ??u t? Phát tri?n nhà và ?ô th? VINAHUD
VHE;HNX;CTCP Duoc lieu va Thuc pham Viet nam
VHF;UPCoM;C? phi?u CTCP Xây d?ng và Ch? bi?n l??ng th?c V?nh Hà
VHG;UPCoM;Công ty c? ph?n ??u t? và Phát tri?n Vi?t Trung Nam
VHH;UPCoM;Công ty c? ph?n ??u t? Kinh doanh nhà Thành ??t
VHL;HNX;C? phi?u Cty c? ph?n Viglacera H? Long
VIE;UPCoM;C? phi?u CTCP Công ngh? Vi?n thông VI TE CO
VIF;HNX;TCT Lam nghiep Viet Nam - CTCP
VIG;HNX;Công ty c? ph?n Ch?ng khoán ??u t? Tài chính Vi?t Nam
VIH;UPCoM;CTCP Viglacera Ha noi
VIM;UPCoM;CTCP Khoang san Viglacera
VIN;UPCoM;CTCP Giao nh?n Kho v?n Ngo?i th??ng Vi?t Nam
VIR;UPCoM;C? phi?u CTCP Du l?ch Qu?c t? V?ng Tàu
VIT;HNX;C? phi?u CTCP Viglacera Tiên S?n
VIW;UPCoM;CTCP Tong cty Dau tu Nuoc & Moi truong Viet Nam
VKC;UPCoM;Công ty c? ph?n VKC Holdings
VKP;UPCoM;CTCP Nh?a Tân Hóa
VLA;HNX;VLA - CTCP ??u t? và Phát tri?n Công ngh? V?n Lang
VLB;UPCoM;CTCP Xay dung va San xuat vat lieu xay dung Bien Hoa
VLC;UPCoM;Tong Cong ty Chan nuoi Viet Nam - CTCP
VLF;UPCoM;CTCP L??ng th?c Th?c ph?m V?nh Long
VLG;UPCoM;Công ty c? ph?n VIMC Logistics
VLP;UPCoM;CTCP Cong trinh Cong cong Vinh Long
VLW;UPCoM;CTCP Cap nuoc Vinh Long
VMA;UPCoM;CTCP Cong nghiep Oto - Vinacomin
VMC;HNX;C? phi?u Công ty c? ph?n VIMECO
VMG;UPCoM;CTCP Th??ng m?i và d?ch v? D?u khí V?ng Tàu
VMK;UPCoM;CTCP Vimarko
VMS;HNX;CTCP Phat trien Hang hai
VMT;UPCoM;CTCP GIAO NHAN VAN TAI MIEN TRUNG
VNA;UPCoM;CTCP Van tai bien Vinaship
VNB;UPCoM;CTCP Sach Viet Nam
VNC;HNX;Công ty c? ph?n T?p ?oàn Vinacontrol
VNF;HNX;Công ty c? ph?n Vinafreight
VNH;UPCoM;Công ty c? ph?n ??u t? Vi?t Vi?t Nh?t
VNI;UPCoM;VNI - CTCP Dau Tu Bat Dong San Viet Nam
VNP;UPCoM;CTCP Nh?a Vi?t Nam
VNR;HNX;C? phi?u T?ng CTCP Tái B?o hi?m Qu?c gia Vi?t Nam
VNT;HNX;C? phi?u Công ty c? ph?n Giao nh?n v?n t?i Ngo?i th??ng
VNX;UPCoM;Công ty c? ph?n Qu?ng cáo và H?i ch? Th??ng M?i Vinexad
VNY;UPCoM;CTCP Thu?c thú y T? I
VNZ;UPCoM;CONG TY CP VNG
VOC;UPCoM;TCT Cong nghiep dau thuc vat VN
VPA;UPCoM;CTCP Van tai Hoa dau VP
VPC;UPCoM;C? phi?u Công ty c? ph?n  ??u t? và Phát tri?n N?ng l??ng Vi?t Nam
VPR;UPCoM;Công ty c? ph?n Vinaprint
VPW;UPCoM;CTCP C?p thoát n??c s? 1 V?nh Phúc
VQC;UPCoM;Công ty c? ph?n Giám ??nh- Vinacomin
VRG;UPCoM;VRG - CTCP Phat trien do thi va Khu cong nghiep Cao Su Viet Nam
VSA;HNX;CTCP Dai ly Hang hai Viet Nam
VSE;UPCoM;CTCP Dich vu Duong cao toc Viet Nam
VSF;UPCoM;CTCP Tong cong ty Luong thuc Mien Nam
VSG;UPCoM;C? phi?u CTCP CONTAINER Phía Nam
VSM;HNX;CTCP Container Mien Trung
VSN;UPCoM;CTCP Viet Nam Ky nghe Suc san
VST;UPCoM;CTCP V?n t?i và Thuê tàu bi?n Vi?t Nam
VTA;UPCoM;C? phi?u CTCP Vitaly
VTC;HNX;c? ph?n Công ty c? ph?n Vi?n thông VTC
VTD;UPCoM;Công ty c? ph?n Vietourist Holdings
VTE;UPCoM;Công ty c? ph?n Vinacap Kim Long
VTG;UPCoM;CTCP Du lich tinh Ba ria - Vung tau
VTH;HNX;VTH - CTCP Day cap dien Viet Thai
VTI;UPCoM;C? phi?u CTCP S?n xu?t - Xu?t nh?p kh?u d?t may
VTJ;HNX;CTCP Th??ng m?i và ??u t? Vinataba
VTK;UPCoM;Công ty c? ph?n T? v?n và D?ch v? Viettel
VTL;UPCoM;Công ty c? ph?n Vang Th?ng Long
VTM;UPCoM;CTCP Van tai va Dua don tho mo - Vinacomin
VTQ;UPCoM;Công ty c? ph?n Vi?t Trung Qu?ng Bình
VTR;UPCoM;Công ty C? ph?n Du l?ch Vietravel
VTS;UPCoM;Công ty c? ph?n G?ch ngói T? S?n
VTV;HNX;Công ty c? ph?n N?ng l??ng và Môi tr??ng VICEM
VTX;UPCoM;Công ty c? ph?n V?n t?i ?a ph??ng th?c VIETRANSTIMEX
VTZ;HNX;CTCP San xuat va Thuong mai Nhua Viet Thanh
VUA;UPCoM;CTCP Chung khoan Stanley Brothers
VVN;UPCoM;T?ng CTCP Xây d?ng công nghi?p VN
VVS;UPCoM;CTCP ??u t? Phát tri?n máy Vi?t Nam
VW3;UPCoM;CP CTCP Viwaseen3
VWS;UPCoM;CTCP Nuoc va Moi truong Viet Nam
VXB;UPCoM;C? phi?u CTCP V?t li?u Xây d?ng B?n Tre
VXP;UPCoM;CTCP Thuoc Thu y Trung uong VETVACO
VXT;UPCoM;CTCP Kho van va Dich vu Thuong mai
WCS;HNX;WCS - Công ty c? ph?n B?n Xe Mi?n Tây
WSB;UPCoM;C? phi?u Công ty c? ph?n Bia Sài Gòn - Mi?n Tây
WSS;HNX;C? phi?u CTCP Ch?ng khoán Ph? Wall
WTC;UPCoM;Công ty c? ph?n v?n t?i th?y Vinacomin
X20;HNX;CTCP X20
X26;UPCoM;CTCP 26
X77;UPCoM;CTCP Thanh An 77
XDH;UPCoM;CTCP ??u t? Xây d?ng Dân d?ng Hà N?i
XHC;UPCoM;Công ty CP Xuân Hòa Vi?t Nam
XLV;UPCoM;CTCP xay lap va dich vu Song Da
XMC;UPCoM;Công ty c? ph?n ??u t? và Xây d?ng Xuân Mai
XMD;UPCoM;CTCP Xuan Mai - Dao Tu
XMP;UPCoM;CTCP Th?y ?i?n Xuân Minh
XPH;UPCoM;CTCP Xà phòng Hà N?i
YBC;UPCoM;C? phi?u Công ty CP Xi m?ng và khoáng s?n yên Bái
YTC;UPCoM;CTCP Xuat nhap khau Y te Thanh pho Ho Chi Minh
